"0","number <- c(1:ncol(surprise_hrf_cir))"
"0",""
"0","colnames <- c()"
"0","for (i in 1:length(number)) {"
"0","  colnames[i] <- paste0('round_',number[i])"
"0","}"
"0","colnames"
"1","  [1]"
"1"," ""round_1""  "
"1"," ""round_2""  "
"1"," ""round_3""  "
"1"," ""round_4""  "
"1"," ""round_5""  "
"1"," ""round_6""  "
"1"," ""round_7""  "
"1"," ""round_8""  "
"1","
"
"1","  [9]"
"1"," ""round_9""  "
"1"," ""round_10"" "
"1"," ""round_11"" "
"1"," ""round_12"" "
"1"," ""round_13"" "
"1"," ""round_14"" "
"1"," ""round_15"" "
"1"," ""round_16"" "
"1","
"
"1"," [17]"
"1"," ""round_17"" "
"1"," ""round_18"" "
"1"," ""round_19"" "
"1"," ""round_20"" "
"1"," ""round_21"" "
"1"," ""round_22"" "
"1"," ""round_23"" "
"1"," ""round_24"" "
"1","
"
"1"," [25]"
"1"," ""round_25"" "
"1"," ""round_26"" "
"1"," ""round_27"" "
"1"," ""round_28"" "
"1"," ""round_29"" "
"1"," ""round_30"" "
"1"," ""round_31"" "
"1"," ""round_32"" "
"1","
"
"1"," [33]"
"1"," ""round_33"" "
"1"," ""round_34"" "
"1"," ""round_35"" "
"1"," ""round_36"" "
"1"," ""round_37"" "
"1"," ""round_38"" "
"1"," ""round_39"" "
"1"," ""round_40"" "
"1","
"
"1"," [41]"
"1"," ""round_41"" "
"1"," ""round_42"" "
"1"," ""round_43"" "
"1"," ""round_44"" "
"1"," ""round_45"" "
"1"," ""round_46"" "
"1"," ""round_47"" "
"1"," ""round_48"" "
"1","
"
"1"," [49]"
"1"," ""round_49"" "
"1"," ""round_50"" "
"1"," ""round_51"" "
"1"," ""round_52"" "
"1"," ""round_53"" "
"1"," ""round_54"" "
"1"," ""round_55"" "
"1"," ""round_56"" "
"1","
"
"1"," [57]"
"1"," ""round_57"" "
"1"," ""round_58"" "
"1"," ""round_59"" "
"1"," ""round_60"" "
"1"," ""round_61"" "
"1"," ""round_62"" "
"1"," ""round_63"" "
"1"," ""round_64"" "
"1","
"
"1"," [65]"
"1"," ""round_65"" "
"1"," ""round_66"" "
"1"," ""round_67"" "
"1"," ""round_68"" "
"1"," ""round_69"" "
"1"," ""round_70"" "
"1"," ""round_71"" "
"1"," ""round_72"" "
"1","
"
"1"," [73]"
"1"," ""round_73"" "
"1"," ""round_74"" "
"1"," ""round_75"" "
"1"," ""round_76"" "
"1"," ""round_77"" "
"1"," ""round_78"" "
"1"," ""round_79"" "
"1"," ""round_80"" "
"1","
"
"1"," [81]"
"1"," ""round_81"" "
"1"," ""round_82"" "
"1"," ""round_83"" "
"1"," ""round_84"" "
"1"," ""round_85"" "
"1"," ""round_86"" "
"1"," ""round_87"" "
"1"," ""round_88"" "
"1","
"
"1"," [89]"
"1"," ""round_89"" "
"1"," ""round_90"" "
"1"," ""round_91"" "
"1"," ""round_92"" "
"1"," ""round_93"" "
"1"," ""round_94"" "
"1"," ""round_95"" "
"1"," ""round_96"" "
"1","
"
"1"," [97]"
"1"," ""round_97"" "
"1"," ""round_98"" "
"1"," ""round_99"" "
"1"," ""round_100"""
"1"," ""round_101"""
"1"," ""round_102"""
"1"," ""round_103"""
"1"," ""round_104"""
"1","
"
"1","[105]"
"1"," ""round_105"""
"1"," ""round_106"""
"1"," ""round_107"""
"1"," ""round_108"""
"1"," ""round_109"""
"1"," ""round_110"""
"1"," ""round_111"""
"1"," ""round_112"""
"1","
"
"1","[113]"
"1"," ""round_113"""
"1"," ""round_114"""
"1"," ""round_115"""
"1"," ""round_116"""
"1"," ""round_117"""
"1"," ""round_118"""
"1"," ""round_119"""
"1"," ""round_120"""
"1","
"
"1","[121]"
"1"," ""round_121"""
"1"," ""round_122"""
"1"," ""round_123"""
"1"," ""round_124"""
"1"," ""round_125"""
"1"," ""round_126"""
"1"," ""round_127"""
"1"," ""round_128"""
"1","
"
"1","[129]"
"1"," ""round_129"""
"1"," ""round_130"""
"1"," ""round_131"""
"1"," ""round_132"""
"1"," ""round_133"""
"1"," ""round_134"""
"1"," ""round_135"""
"1"," ""round_136"""
"1","
"
"1","[137]"
"1"," ""round_137"""
"1"," ""round_138"""
"1"," ""round_139"""
"1"," ""round_140"""
"1"," ""round_141"""
"1"," ""round_142"""
"1"," ""round_143"""
"1"," ""round_144"""
"1","
"
"1","[145]"
"1"," ""round_145"""
"1"," ""round_146"""
"1"," ""round_147"""
"1"," ""round_148"""
"1"," ""round_149"""
"1"," ""round_150"""
"1"," ""round_151"""
"1"," ""round_152"""
"1","
"
"1","[153]"
"1"," ""round_153"""
"1"," ""round_154"""
"1"," ""round_155"""
"1"," ""round_156"""
"1"," ""round_157"""
"1"," ""round_158"""
"1"," ""round_159"""
"1"," ""round_160"""
"1","
"
"1","[161]"
"1"," ""round_161"""
"1"," ""round_162"""
"1"," ""round_163"""
"1"," ""round_164"""
"1"," ""round_165"""
"1"," ""round_166"""
"1"," ""round_167"""
"1"," ""round_168"""
"1","
"
"1","[169]"
"1"," ""round_169"""
"1"," ""round_170"""
"1"," ""round_171"""
"1"," ""round_172"""
"1"," ""round_173"""
"1"," ""round_174"""
"1"," ""round_175"""
"1"," ""round_176"""
"1","
"
"1","[177]"
"1"," ""round_177"""
"1"," ""round_178"""
"1"," ""round_179"""
"1"," ""round_180"""
"1"," ""round_181"""
"1"," ""round_182"""
"1"," ""round_183"""
"1"," ""round_184"""
"1","
"
"1","[185]"
"1"," ""round_185"""
"1"," ""round_186"""
"1"," ""round_187"""
"1"," ""round_188"""
"1"," ""round_189"""
"1"," ""round_190"""
"1"," ""round_191"""
"1"," ""round_192"""
"1","
"
"1","[193]"
"1"," ""round_193"""
"1"," ""round_194"""
"1"," ""round_195"""
"1"," ""round_196"""
"1"," ""round_197"""
"1"," ""round_198"""
"1"," ""round_199"""
"1"," ""round_200"""
"1","
"
"1","[201]"
"1"," ""round_201"""
"1"," ""round_202"""
"1"," ""round_203"""
"1"," ""round_204"""
"1"," ""round_205"""
"1"," ""round_206"""
"1"," ""round_207"""
"1"," ""round_208"""
"1","
"
"1","[209]"
"1"," ""round_209"""
"1"," ""round_210"""
"1"," ""round_211"""
"1"," ""round_212"""
"1"," ""round_213"""
"1"," ""round_214"""
"1"," ""round_215"""
"1"," ""round_216"""
"1","
"
"1","[217]"
"1"," ""round_217"""
"1"," ""round_218"""
"1"," ""round_219"""
"1"," ""round_220"""
"1"," ""round_221"""
"1"," ""round_222"""
"1"," ""round_223"""
"1"," ""round_224"""
"1","
"
"1","[225]"
"1"," ""round_225"""
"1"," ""round_226"""
"1"," ""round_227"""
"1"," ""round_228"""
"1"," ""round_229"""
"1"," ""round_230"""
"1"," ""round_231"""
"1"," ""round_232"""
"1","
"
"1","[233]"
"1"," ""round_233"""
"1"," ""round_234"""
"1"," ""round_235"""
"1"," ""round_236"""
"1"," ""round_237"""
"1"," ""round_238"""
"1"," ""round_239"""
"1"," ""round_240"""
"1","
"
"1","[241]"
"1"," ""round_241"""
"1"," ""round_242"""
"1"," ""round_243"""
"1"," ""round_244"""
"1"," ""round_245"""
"1"," ""round_246"""
"1"," ""round_247"""
"1"," ""round_248"""
"1","
"
"1","[249]"
"1"," ""round_249"""
"1"," ""round_250"""
"1"," ""round_251"""
"1"," ""round_252"""
"1"," ""round_253"""
"1"," ""round_254"""
"1"," ""round_255"""
"1"," ""round_256"""
"1","
"
"1","[257]"
"1"," ""round_257"""
"1"," ""round_258"""
"1"," ""round_259"""
"1"," ""round_260"""
"1"," ""round_261"""
"1"," ""round_262"""
"1"," ""round_263"""
"1"," ""round_264"""
"1","
"
"1","[265]"
"1"," ""round_265"""
"1"," ""round_266"""
"1"," ""round_267"""
"1"," ""round_268"""
"1"," ""round_269"""
"1"," ""round_270"""
"1"," ""round_271"""
"1"," ""round_272"""
"1","
"
"1","[273]"
"1"," ""round_273"""
"1"," ""round_274"""
"1"," ""round_275"""
"1"," ""round_276"""
"1"," ""round_277"""
"1"," ""round_278"""
"1"," ""round_279"""
"1"," ""round_280"""
"1","
"
"1","[281]"
"1"," ""round_281"""
"1"," ""round_282"""
"1"," ""round_283"""
"1"," ""round_284"""
"1"," ""round_285"""
"1"," ""round_286"""
"1"," ""round_287"""
"1"," ""round_288"""
"1","
"
"1","[289]"
"1"," ""round_289"""
"1"," ""round_290"""
"1"," ""round_291"""
"1"," ""round_292"""
"1"," ""round_293"""
"1"," ""round_294"""
"1"," ""round_295"""
"1"," ""round_296"""
"1","
"
"1","[297]"
"1"," ""round_297"""
"1"," ""round_298"""
"1"," ""round_299"""
"1"," ""round_300"""
"1"," ""round_301"""
"1"," ""round_302"""
"1"," ""round_303"""
"1"," ""round_304"""
"1","
"
"1","[305]"
"1"," ""round_305"""
"1"," ""round_306"""
"1"," ""round_307"""
"1"," ""round_308"""
"1"," ""round_309"""
"1"," ""round_310"""
"1"," ""round_311"""
"1"," ""round_312"""
"1","
"
"1","[313]"
"1"," ""round_313"""
"1"," ""round_314"""
"1"," ""round_315"""
"1"," ""round_316"""
"1"," ""round_317"""
"1"," ""round_318"""
"1"," ""round_319"""
"1"," ""round_320"""
"1","
"
"1","[321]"
"1"," ""round_321"""
"1"," ""round_322"""
"1"," ""round_323"""
"1"," ""round_324"""
"1"," ""round_325"""
"1"," ""round_326"""
"1"," ""round_327"""
"1"," ""round_328"""
"1","
"
"1","[329]"
"1"," ""round_329"""
"1"," ""round_330"""
"1"," ""round_331"""
"1"," ""round_332"""
"1"," ""round_333"""
"1"," ""round_334"""
"1"," ""round_335"""
"1"," ""round_336"""
"1","
"
"1","[337]"
"1"," ""round_337"""
"1"," ""round_338"""
"1"," ""round_339"""
"1"," ""round_340"""
"1"," ""round_341"""
"1"," ""round_342"""
"1"," ""round_343"""
"1"," ""round_344"""
"1","
"
"1","[345]"
"1"," ""round_345"""
"1"," ""round_346"""
"1"," ""round_347"""
"1"," ""round_348"""
"1"," ""round_349"""
"1"," ""round_350"""
"1"," ""round_351"""
"1"," ""round_352"""
"1","
"
"1","[353]"
"1"," ""round_353"""
"1"," ""round_354"""
"1"," ""round_355"""
"1"," ""round_356"""
"1"," ""round_357"""
"1"," ""round_358"""
"1"," ""round_359"""
"1"," ""round_360"""
"1","
"
"1","[361]"
"1"," ""round_361"""
"1"," ""round_362"""
"1"," ""round_363"""
"1"," ""round_364"""
"1"," ""round_365"""
"1"," ""round_366"""
"1"," ""round_367"""
"1"," ""round_368"""
"1","
"
"1","[369]"
"1"," ""round_369"""
"1"," ""round_370"""
"1"," ""round_371"""
"1"," ""round_372"""
"1"," ""round_373"""
"1"," ""round_374"""
"1"," ""round_375"""
"1"," ""round_376"""
"1","
"
"1","[377]"
"1"," ""round_377"""
"1"," ""round_378"""
"1"," ""round_379"""
"1"," ""round_380"""
"1"," ""round_381"""
"1"," ""round_382"""
"1"," ""round_383"""
"1"," ""round_384"""
"1","
"
"1","[385]"
"1"," ""round_385"""
"1"," ""round_386"""
"1"," ""round_387"""
"1"," ""round_388"""
"1"," ""round_389"""
"1"," ""round_390"""
"1"," ""round_391"""
"1"," ""round_392"""
"1","
"
"1","[393]"
"1"," ""round_393"""
"1"," ""round_394"""
"1"," ""round_395"""
"1"," ""round_396"""
"1"," ""round_397"""
"1"," ""round_398"""
"1"," ""round_399"""
"1"," ""round_400"""
"1","
"
"1","[401]"
"1"," ""round_401"""
"1"," ""round_402"""
"1"," ""round_403"""
"1"," ""round_404"""
"1"," ""round_405"""
"1"," ""round_406"""
"1"," ""round_407"""
"1"," ""round_408"""
"1","
"
"1","[409]"
"1"," ""round_409"""
"1"," ""round_410"""
"1"," ""round_411"""
"1"," ""round_412"""
"1"," ""round_413"""
"1"," ""round_414"""
"1"," ""round_415"""
"1"," ""round_416"""
"1","
"
"1","[417]"
"1"," ""round_417"""
"1"," ""round_418"""
"1"," ""round_419"""
"1"," ""round_420"""
"1"," ""round_421"""
"1"," ""round_422"""
"1"," ""round_423"""
"1"," ""round_424"""
"1","
"
"1","[425]"
"1"," ""round_425"""
"1"," ""round_426"""
"1"," ""round_427"""
"1"," ""round_428"""
"1"," ""round_429"""
"1"," ""round_430"""
"1"," ""round_431"""
"1"," ""round_432"""
"1","
"
"1","[433]"
"1"," ""round_433"""
"1"," ""round_434"""
"1"," ""round_435"""
"1"," ""round_436"""
"1"," ""round_437"""
"1"," ""round_438"""
"1"," ""round_439"""
"1"," ""round_440"""
"1","
"
"1","[441]"
"1"," ""round_441"""
"1"," ""round_442"""
"1"," ""round_443"""
"1"," ""round_444"""
"1"," ""round_445"""
"1"," ""round_446"""
"1"," ""round_447"""
"1"," ""round_448"""
"1","
"
"1","[449]"
"1"," ""round_449"""
"1"," ""round_450"""
"1"," ""round_451"""
"1"," ""round_452"""
"1"," ""round_453"""
"1"," ""round_454"""
"1"," ""round_455"""
"1"," ""round_456"""
"1","
"
"1","[457]"
"1"," ""round_457"""
"1"," ""round_458"""
"1"," ""round_459"""
"1"," ""round_460"""
"1"," ""round_461"""
"1"," ""round_462"""
"1"," ""round_463"""
"1"," ""round_464"""
"1","
"
"1","[465]"
"1"," ""round_465"""
"1"," ""round_466"""
"1"," ""round_467"""
"1"," ""round_468"""
"1","
"
"0","# surprise_null_df <- data.frame(corr_list_surprise)"
"0","# names(surprise_null_df) <- colnames"
